,Rank,Player,Age,Tm,First,Pts Won,Pts Max,Share,G,MP,PTS,TRB,AST,STL,BLK,FG%,3P%,FT%,WS,WS/48,Year
0,1,Kareem Abdul-Jabbar,32,LAL,147.0,147.0,221,0.665,82,38.3,24.8,10.8,4.5,1.0,3.4,0.604,0.0,0.765,14.8,0.227,1980
1,2,Julius Erving,29,PHI,31.5,31.5,221,0.143,78,36.1,26.9,7.4,4.6,2.2,1.8,0.519,0.2,0.787,12.5,0.213,1980
2,3,George Gervin,27,SAS,19.0,19.0,221,0.086,78,37.6,33.1,5.2,2.6,1.4,1.0,0.528,0.314,0.852,10.6,0.173,1980
3,4,Larry Bird,23,BOS,15.0,15.0,221,0.068,82,36.0,21.3,10.4,4.5,1.7,0.6,0.474,0.406,0.836,11.2,0.182,1980
4,5T,Tiny Archibald,31,BOS,2.0,2.0,221,0.009,80,35.8,14.1,2.5,8.4,1.3,0.1,0.482,0.222,0.83,8.9,0.148,1980
5,5T,Dennis Johnson,25,SEA,2.0,2.0,221,0.009,81,36.3,19.0,5.1,4.1,1.8,1.0,0.422,0.207,0.78,7.4,0.12,1980
6,5T,Dan Roundfield,26,ATL,2.0,2.0,221,0.009,81,32.0,16.5,10.3,2.3,1.2,1.7,0.499,0.0,0.71,9.1,0.169,1980
7,8,Gus Williams,26,SEA,1.5,1.5,221,0.007,82,36.2,22.1,3.4,4.8,2.4,0.5,0.482,0.194,0.788,11.6,0.187,1980
8,9,Moses Malone,24,HOU,1.0,1.0,221,0.005,82,38.3,25.8,14.5,1.8,1.0,1.3,0.502,0.0,0.719,11.9,0.183,1980
0,1,Julius Erving,30,PHI,28.0,454.0,690,0.658,82,35.0,24.6,8.0,4.4,2.1,1.8,0.521,0.222,0.787,13.8,0.231,1981
1,2,Larry Bird,24,BOS,20.0,423.0,690,0.613,82,39.5,21.2,10.9,5.5,2.0,0.8,0.478,0.27,0.863,10.8,0.16,1981
2,3,Kareem Abdul-Jabbar,33,LAL,8.0,286.0,690,0.414,80,37.2,26.2,10.3,3.4,0.7,2.9,0.574,0.0,0.766,14.3,0.23,1981
3,4,Moses Malone,25,HOU,8.0,180.0,690,0.261,80,40.6,27.8,14.8,1.8,1.0,1.9,0.522,0.333,0.757,13.7,0.202,1981
4,5,George Gervin,28,SAS,1.0,83.0,690,0.12,82,33.7,27.1,5.1,3.2,1.1,0.7,0.492,0.257,0.826,10.5,0.182,1981
5,6,Marques Johnson,24,MIL,1.0,73.0,690,0.106,76,33.4,20.3,6.8,4.6,1.5,0.5,0.552,0.0,0.706,11.2,0.211,1981
6,7,Robert Parish,27,BOS,0.0,53.0,690,0.077,82,28.0,18.9,9.5,1.8,1.0,2.6,0.545,0.0,0.71,10.9,0.228,1981
7,8,Dennis Johnson,26,PHO,0.0,50.0,690,0.072,79,33.1,18.8,4.6,3.7,1.7,0.8,0.436,0.216,0.82,8.4,0.154,1981
8,9,Tiny Archibald,32,BOS,0.0,32.0,690,0.046,80,35.3,13.8,2.2,7.7,0.9,0.2,0.499,0.0,0.816,6.9,0.118,1981
9,10,Jamaal Wilkes,27,LAL,0.0,19.0,690,0.028,81,37.4,22.6,5.4,2.9,1.5,0.4,0.526,0.077,0.758,8.5,0.135,1981
10,11,Magic Johnson,21,LAL,0.0,18.0,690,0.026,37,37.1,21.6,8.6,8.6,3.4,0.7,0.532,0.176,0.76,6.4,0.225,1981
11,12T,Adrian Dantley,25,UTA,1.0,15.0,690,0.022,80,42.7,30.7,6.4,4.0,1.4,0.2,0.559,0.286,0.806,13.6,0.191,1981
12,12T,Phil Ford,24,KCK,1.0,15.0,690,0.022,66,34.7,17.5,1.9,8.8,1.5,0.1,0.478,0.306,0.831,5.2,0.11,1981
13,14,Bernard King,24,GSW,0.0,12.0,690,0.017,81,36.0,21.9,6.8,3.5,0.9,0.4,0.588,0.333,0.703,9.1,0.15,1981
14,15T,Kelvin Ransey,22,POR,1.0,11.0,690,0.016,80,30.4,15.2,2.4,6.9,1.1,0.1,0.452,0.097,0.749,2.8,0.056,1981
15,15T,Jack Sikma,25,SEA,0.0,11.0,690,0.016,82,35.6,18.7,10.4,3.0,1.0,1.1,0.454,0.0,0.823,8.0,0.132,1981
16,17T,Otis Birdsong,25,KCK,0.0,7.0,690,0.01,71,36.5,24.6,3.6,3.3,1.3,0.3,0.544,0.286,0.697,8.2,0.152,1981
17,17T,Micheal Ray Richardson,25,NYK,0.0,7.0,690,0.01,79,40.2,16.4,6.9,7.9,2.9,0.4,0.469,0.225,0.663,6.9,0.104,1981
18,19T,Truck Robinson,29,PHO,0.0,6.0,690,0.009,82,37.7,18.8,9.6,2.5,0.8,0.5,0.505,,0.629,7.6,0.119,1981
19,19T,Reggie Theus,23,CHI,0.0,6.0,690,0.009,82,34.4,18.9,3.5,5.2,1.5,0.2,0.495,0.2,0.809,9.2,0.156,1981
20,21,Norm Nixon,25,LAL,0.0,5.0,690,0.007,79,37.5,17.1,2.9,8.8,1.8,0.1,0.476,0.167,0.778,5.5,0.089,1981
21,22T,Artis Gilmore,31,CHI,0.0,4.0,690,0.006,82,34.5,17.9,10.1,2.1,0.6,2.4,0.67,,0.705,12.3,0.208,1981
22,22T,Bob Lanier,32,MIL,0.0,4.0,690,0.006,67,26.2,14.3,6.2,2.7,1.1,1.2,0.525,1.0,0.751,6.8,0.185,1981
23,24T,Michael Cooper,24,LAL,0.0,3.0,690,0.004,81,32.4,9.4,4.1,4.1,1.6,1.0,0.491,0.211,0.785,5.0,0.092,1981
24,24T,Walter Davis,26,PHO,0.0,3.0,690,0.004,78,28.0,18.0,2.6,3.9,1.2,0.2,0.539,0.412,0.836,7.1,0.157,1981
25,24T,George Johnson,32,SAS,0.0,3.0,690,0.004,82,23.6,5.0,7.3,1.1,0.6,3.4,0.473,,0.734,4.5,0.112,1981
26,24T,Bobby Jones,29,PHI,0.0,3.0,690,0.004,81,25.3,13.5,5.4,2.8,1.2,0.9,0.539,0.0,0.813,9.2,0.217,1981
27,24T,Mike Mitchell,25,CLE,0.0,3.0,690,0.004,82,39.0,24.5,6.1,1.7,0.8,0.6,0.476,0.444,0.784,6.0,0.091,1981
28,24T,James Silas,31,SAS,0.0,3.0,690,0.004,75,27.4,17.7,3.1,3.8,0.7,0.2,0.477,0.0,0.85,7.0,0.164,1981
29,30T,Quinn Buckner,26,MIL,0.0,1.0,690,0.001,82,29.1,13.3,3.6,4.7,2.4,0.0,0.493,0.167,0.734,5.4,0.108,1981
30,30T,Caldwell Jones,30,PHI,0.0,1.0,690,0.001,81,32.6,7.2,10.0,1.5,0.7,1.7,0.449,,0.767,5.5,0.1,1981
0,1,Moses Malone,26,HOU,40.0,507.0,690,0.735,81,42.0,31.1,14.7,1.8,0.9,1.5,0.519,0.0,0.762,15.4,0.218,1982
1,2,Larry Bird,25,BOS,20.0,406.0,690,0.588,77,38.0,22.9,10.9,5.8,1.9,0.9,0.503,0.212,0.863,12.5,0.205,1982
2,3,Julius Erving,31,PHI,1.0,203.0,690,0.294,81,34.4,24.4,6.9,3.9,2.0,1.7,0.546,0.273,0.763,13.3,0.229,1982
3,4,Robert Parish,28,BOS,4.0,131.0,690,0.19,80,31.7,19.9,10.8,1.8,0.9,2.4,0.542,,0.71,10.0,0.19,1982
4,5,Gus Williams,28,SEA,2.0,115.0,690,0.167,80,36.0,23.4,3.1,6.9,2.2,0.5,0.486,0.225,0.734,10.2,0.171,1982
5,6,George Gervin,29,SAS,1.0,110.0,690,0.159,79,35.7,32.3,5.0,2.4,1.0,0.6,0.5,0.278,0.864,10.7,0.182,1982
6,7,Sidney Moncrief,24,MIL,1.0,101.0,690,0.146,80,37.3,19.8,6.7,4.8,1.7,0.3,0.523,0.071,0.817,13.4,0.216,1982
7,8,Magic Johnson,22,LAL,0.0,67.0,690,0.097,78,38.3,18.6,9.6,9.5,2.7,0.4,0.537,0.207,0.76,12.9,0.207,1982
8,9,Jack Sikma,26,SEA,0.0,33.0,690,0.048,82,37.2,19.6,12.7,3.4,1.2,1.3,0.479,0.154,0.855,12.6,0.199,1982
9,10,Kareem Abdul-Jabbar,34,LAL,0.0,31.0,690,0.045,76,35.2,23.9,8.7,3.0,0.8,2.7,0.579,0.0,0.706,10.7,0.192,1982
10,11T,Dan Roundfield,28,ATL,0.0,14.0,690,0.02,61,36.3,18.6,11.8,2.7,1.0,1.5,0.466,0.2,0.76,6.5,0.141,1982
11,11T,Kelly Tripucka,22,DET,0.0,14.0,690,0.02,82,37.5,21.6,5.4,3.3,1.1,0.2,0.496,0.227,0.797,7.5,0.117,1982
12,13,Alex English,28,DEN,0.0,12.0,690,0.017,82,36.8,25.4,6.8,5.3,1.1,1.5,0.551,0.0,0.84,9.5,0.152,1982
13,14,Bernard King,25,GSW,0.0,10.0,690,0.014,79,36.2,23.2,5.9,3.6,1.0,0.3,0.566,0.2,0.705,8.7,0.147,1982
14,15,Adrian Dantley,26,UTA,0.0,7.0,690,0.01,81,39.8,30.3,6.3,4.0,1.2,0.2,0.57,0.333,0.792,12.6,0.187,1982
15,16,Ray Williams,27,NJN,0.0,6.0,690,0.009,82,33.3,20.4,4.0,6.0,2.4,0.5,0.462,0.167,0.832,7.9,0.139,1982
16,17T,Michael Cooper,25,LAL,0.0,3.0,690,0.004,76,28.9,11.9,3.5,3.0,1.6,0.8,0.517,0.118,0.813,5.0,0.109,1982
17,17T,Dan Issel,33,DEN,0.0,3.0,690,0.004,81,30.5,22.9,7.5,2.2,0.8,0.7,0.527,0.667,0.834,9.8,0.19,1982
18,17T,Marques Johnson,25,MIL,0.0,3.0,690,0.004,60,31.7,16.5,6.1,3.6,1.0,0.6,0.532,0.0,0.7,6.2,0.158,1982
19,17T,Isiah Thomas,20,DET,0.0,3.0,690,0.004,72,33.8,17.0,2.9,7.8,2.1,0.2,0.424,0.288,0.704,2.3,0.046,1982
20,21T,Dennis Johnson,27,PHO,0.0,1.0,690,0.001,80,36.7,19.5,5.1,4.6,1.3,0.7,0.47,0.19,0.806,8.1,0.132,1982
21,21T,Mychal Thompson,27,POR,0.0,1.0,690,0.001,79,39.6,20.8,11.7,4.0,0.9,1.4,0.523,,0.628,8.2,0.125,1982
22,21T,Jay Vincent,22,DAL,0.0,1.0,690,0.001,81,32.4,21.4,7.0,2.2,1.1,0.3,0.497,0.25,0.716,5.6,0.102,1982
23,21T,Jamaal Wilkes,28,LAL,0.0,1.0,690,0.001,82,35.4,21.1,4.8,1.7,1.1,0.3,0.525,0.0,0.732,7.7,0.127,1982
24,21T,Buck Williams,21,NJN,0.0,1.0,690,0.001,82,34.5,15.5,12.3,1.3,1.0,1.0,0.582,0.0,0.624,8.9,0.152,1982
0,1,Moses Malone,27,PHI,69.0,720.0,750,0.96,78,37.5,24.5,15.3,1.3,1.1,2.0,0.501,0.0,0.761,15.1,0.248,1983
1,2,Larry Bird,26,BOS,1.0,364.0,750,0.485,79,37.7,23.6,11.0,5.8,1.9,0.9,0.504,0.286,0.84,14.0,0.225,1983
2,3,Magic Johnson,23,LAL,2.0,304.5,750,0.406,79,36.8,16.8,8.6,10.5,2.2,0.6,0.548,0.0,0.8,12.5,0.207,1983
3,4,Sidney Moncrief,25,MIL,0.0,226.0,750,0.301,76,35.7,22.5,5.8,3.9,1.5,0.3,0.524,0.1,0.826,13.2,0.233,1983
4,5,Julius Erving,32,PHI,3.0,112.0,750,0.149,72,33.6,21.4,6.8,3.7,1.6,1.8,0.517,0.286,0.759,10.9,0.217,1983
5,6,Alex English,29,DEN,0.0,42.0,750,0.056,82,36.4,28.4,7.3,4.8,1.4,1.5,0.516,0.167,0.829,10.3,0.166,1983
6,7,Buck Williams,22,NJN,0.0,40.0,750,0.053,82,36.1,17.0,12.5,1.5,1.1,1.3,0.588,0.0,0.62,11.4,0.185,1983
7,8,Artis Gilmore,33,SAS,0.0,33.0,750,0.044,82,34.1,18.0,12.0,1.5,0.5,2.3,0.626,0.0,0.74,11.0,0.189,1983
8,9,George Gervin,30,SAS,0.0,30.0,750,0.04,78,36.3,26.2,4.6,3.4,1.1,0.9,0.487,0.364,0.853,9.4,0.159,1983
9,10,Kareem Abdul-Jabbar,35,LAL,0.0,15.0,750,0.02,79,32.3,21.8,7.5,2.5,0.8,2.2,0.588,0.0,0.749,10.9,0.205,1983
10,11,Jack Sikma,27,SEA,0.0,13.0,750,0.017,75,34.2,18.2,11.4,3.1,1.2,0.9,0.464,0.0,0.837,9.8,0.183,1983
11,12,Jeff Ruland,24,WSB,0.0,12.0,750,0.016,79,36.2,19.4,11.0,3.0,0.9,1.0,0.552,0.333,0.689,10.1,0.169,1983
12,13,Terry Cummings,21,SDC,0.0,10.0,750,0.013,70,36.2,23.7,10.6,2.5,1.8,0.9,0.523,0.0,0.709,8.7,0.164,1983
13,14,Maurice Lucas,30,PHO,0.0,9.0,750,0.012,77,33.6,16.5,10.4,2.8,0.7,0.6,0.474,0.333,0.781,7.1,0.132,1983
14,15,Alton Lister,24,MIL,0.0,5.0,750,0.007,80,23.6,8.4,7.1,1.4,0.6,2.2,0.529,,0.537,3.8,0.096,1983
15,16T,Bernard King,26,NYK,0.0,4.0,750,0.005,68,32.5,21.9,4.8,2.9,1.3,0.2,0.528,0.0,0.722,7.5,0.163,1983
16,16T,Isiah Thomas,21,DET,0.0,4.0,750,0.005,81,38.2,22.9,4.0,7.8,2.5,0.4,0.472,0.288,0.71,7.4,0.115,1983
17,18T,Larry Drew,24,KCK,0.0,3.0,750,0.004,75,35.9,20.1,2.8,8.1,1.7,0.1,0.492,0.125,0.82,7.2,0.128,1983
18,18T,Gus Williams,29,SEA,0.0,3.0,750,0.004,80,34.5,20.0,2.6,8.0,2.3,0.3,0.477,0.047,0.751,8.5,0.148,1983
19,20,Dan Roundfield,29,ATL,0.0,2.0,750,0.003,77,36.5,19.0,11.4,2.9,0.8,1.5,0.47,0.185,0.749,7.4,0.127,1983
20,21,Marques Johnson,26,MIL,0.0,1.5,750,0.002,80,35.7,21.4,7.0,4.5,1.3,0.7,0.509,0.2,0.735,10.7,0.18,1983
21,22T,Norm Nixon,27,LAL,0.0,1.0,750,0.001,79,34.3,15.1,2.6,7.2,1.3,0.1,0.475,0.0,0.744,3.9,0.069,1983
22,22T,Kiki Vandeweghe,24,DEN,0.0,1.0,750,0.001,82,35.5,26.7,5.3,2.5,0.8,0.5,0.547,0.294,0.875,11.0,0.182,1983
0,1,Larry Bird,27,BOS,52.0,652.0,760,0.858,79,38.3,24.2,10.1,6.6,1.8,0.9,0.492,0.247,0.888,13.6,0.215,1984
1,2,Bernard King,27,NYK,11.0,373.0,760,0.491,77,34.6,26.3,5.1,2.1,1.0,0.2,0.572,0.0,0.779,12.1,0.218,1984
2,3,Magic Johnson,24,LAL,5.0,305.0,760,0.401,67,38.3,17.6,7.3,13.1,2.2,0.7,0.565,0.207,0.81,10.2,0.191,1984
3,4,Kareem Abdul-Jabbar,36,LAL,3.0,153.0,760,0.201,80,32.8,21.5,7.3,2.6,0.7,1.8,0.578,0.0,0.723,8.9,0.163,1984
4,5,Isiah Thomas,22,DET,1.0,115.0,760,0.151,82,36.7,21.3,4.0,11.1,2.5,0.4,0.462,0.338,0.733,9.1,0.144,1984
5,6,Julius Erving,33,PHI,1.0,98.0,760,0.129,77,34.8,22.4,6.9,4.0,1.8,1.8,0.512,0.333,0.754,10.1,0.18,1984
6,7,Adrian Dantley,28,UTA,1.0,88.0,760,0.116,79,37.8,30.6,5.7,3.9,0.8,0.1,0.558,0.25,0.859,14.6,0.235,1984
7,8,Sidney Moncrief,26,MIL,1.0,70.0,760,0.092,79,38.9,20.9,6.7,4.5,1.4,0.3,0.498,0.278,0.848,12.7,0.198,1984
8,9,Jeff Ruland,25,WSB,1.0,38.0,760,0.05,75,41.1,22.2,12.3,3.9,0.9,1.0,0.579,0.143,0.733,9.3,0.144,1984
9,10,Moses Malone,28,PHI,0.0,35.0,760,0.046,71,36.8,22.7,13.4,1.4,1.0,1.5,0.483,0.0,0.75,9.5,0.175,1984
10,11,Mark Aguirre,24,DAL,0.0,28.0,760,0.037,79,36.7,29.5,5.9,4.5,1.0,0.3,0.524,0.268,0.749,9.0,0.149,1984
11,12,Bill Laimbeer,26,DET,0.0,9.0,760,0.012,82,34.9,17.3,12.2,1.8,0.6,1.0,0.53,0.0,0.866,10.8,0.181,1984
12,13,Rickey Green,29,UTA,0.0,8.0,760,0.011,81,34.2,13.2,2.8,9.2,2.7,0.2,0.486,0.118,0.821,7.9,0.138,1984
13,14T,World B. Free,30,CLE,0.0,1.0,760,0.001,75,31.7,22.3,2.9,3.0,1.3,0.1,0.445,0.319,0.784,5.3,0.107,1984
14,14T,Marques Johnson,27,MIL,0.0,1.0,760,0.001,74,36.7,20.7,6.5,4.3,1.6,0.6,0.502,0.154,0.709,8.6,0.152,1984
0,1,Larry Bird,28,BOS,73.0,763.0,780,0.978,80,39.5,28.7,10.5,6.6,1.6,1.2,0.522,0.427,0.882,15.7,0.238,1985
1,2,Magic Johnson,25,LAL,1.0,264.0,780,0.338,77,36.1,18.3,6.2,12.6,1.5,0.3,0.561,0.189,0.843,12.7,0.22,1985
2,3,Moses Malone,29,PHI,0.0,218.0,780,0.279,79,37.4,24.6,13.1,1.6,0.8,1.6,0.469,0.0,0.815,11.9,0.193,1985
3,4,Kareem Abdul-Jabbar,37,LAL,0.0,206.0,780,0.264,79,33.3,22.0,7.9,3.2,0.8,2.1,0.599,0.0,0.732,11.2,0.204,1985
4,5,Terry Cummings,23,MIL,2.0,138.0,780,0.177,79,34.5,23.6,9.1,2.9,1.5,0.8,0.495,0.0,0.741,10.7,0.189,1985
5,6,Michael Jordan,21,CHI,2.0,134.0,780,0.172,82,38.3,28.2,6.5,5.9,2.4,0.8,0.515,0.173,0.845,14.0,0.213,1985
6,7,Bernard King,28,NYK,0.0,70.0,780,0.09,55,37.5,32.9,5.8,3.7,1.3,0.3,0.53,0.1,0.772,7.1,0.166,1985
7,8,Sidney Moncrief,27,MIL,0.0,65.0,780,0.083,73,37.5,21.7,5.4,5.2,1.6,0.5,0.483,0.273,0.828,11.2,0.197,1985
8,9,Isiah Thomas,23,DET,0.0,63.0,780,0.081,81,38.1,21.2,4.5,13.9,2.3,0.3,0.458,0.257,0.809,11.2,0.173,1985
9,10,Ralph Sampson,24,HOU,0.0,26.0,780,0.033,82,37.6,22.1,10.4,2.7,1.0,2.0,0.502,0.0,0.676,6.2,0.096,1985
10,11,Calvin Natt,28,DEN,0.0,22.0,780,0.028,78,34.1,23.3,7.8,3.1,1.0,0.4,0.546,0.0,0.793,10.2,0.185,1985
11,12T,Alex English,31,DEN,0.0,12.0,780,0.015,81,36.1,27.9,5.7,4.2,1.2,0.6,0.518,0.2,0.829,8.9,0.146,1985
12,12T,Hakeem Olajuwon,22,HOU,0.0,12.0,780,0.015,82,35.5,20.6,11.9,1.4,1.2,2.7,0.538,,0.613,10.2,0.168,1985
13,14,Micheal Ray Richardson,29,NJN,0.0,11.0,780,0.014,82,38.1,20.1,5.6,8.2,3.0,0.3,0.469,0.252,0.767,8.7,0.134,1985
14,15,Andrew Toney,27,PHI,0.0,5.0,780,0.006,70,32.0,17.8,2.5,5.2,0.9,0.3,0.492,0.371,0.862,5.5,0.118,1985
15,16,Mark Eaton,28,UTA,0.0,4.0,780,0.005,82,34.3,9.7,11.3,1.5,0.4,5.6,0.449,,0.712,5.4,0.093,1985
16,17T,Paul Pressey,26,MIL,0.0,3.0,780,0.004,80,36.0,16.1,5.4,6.8,1.6,0.7,0.517,0.35,0.758,9.6,0.16,1985
17,17T,Jack Sikma,29,SEA,0.0,3.0,780,0.004,68,35.3,18.5,10.6,4.2,1.2,1.3,0.489,0.2,0.852,8.3,0.166,1985
18,17T,Dominique Wilkins,25,ATL,0.0,3.0,780,0.004,81,37.3,27.4,6.9,2.5,1.7,0.7,0.451,0.309,0.806,7.6,0.121,1985
19,20T,World B. Free,31,CLE,0.0,2.0,780,0.003,71,31.7,22.5,3.0,4.5,1.1,0.2,0.459,0.368,0.749,6.0,0.127,1985
20,20T,Purvis Short,27,GSW,0.0,2.0,780,0.003,78,39.5,28.0,5.1,3.0,1.5,0.3,0.46,0.313,0.817,6.2,0.097,1985
21,22T,Clyde Drexler,22,POR,0.0,1.0,780,0.001,80,31.9,17.2,6.0,5.5,2.2,0.9,0.494,0.216,0.759,7.5,0.141,1985
22,22T,Julius Erving,34,PHI,0.0,1.0,780,0.001,78,32.5,20.0,5.3,3.0,1.7,1.4,0.494,0.214,0.765,7.6,0.144,1985
0,1,Larry Bird,29,BOS,73.0,765.0,780,0.981,82,38.0,25.8,9.8,6.8,2.0,0.6,0.496,0.423,0.896,15.8,0.244,1986
1,2,Dominique Wilkins,26,ATL,5.0,407.0,780,0.522,78,39.1,30.3,7.9,2.6,1.8,0.6,0.468,0.186,0.818,10.8,0.17,1986
2,3,Magic Johnson,26,LAL,0.0,205.0,780,0.263,72,35.8,18.8,5.9,12.6,1.6,0.2,0.526,0.233,0.871,12.1,0.226,1986
3,4,Hakeem Olajuwon,23,HOU,0.0,193.0,780,0.247,68,36.3,23.5,11.5,2.0,2.0,3.4,0.526,,0.645,9.5,0.186,1986
4,5,Kareem Abdul-Jabbar,38,LAL,0.0,135.0,780,0.173,79,33.3,23.4,6.1,3.5,0.8,1.6,0.564,0.0,0.765,10.8,0.197,1986
5,6,Charles Barkley,22,PHI,0.0,133.0,780,0.171,80,36.9,20.0,12.8,3.9,2.2,1.6,0.572,0.227,0.685,10.8,0.176,1986
6,7,Sidney Moncrief,28,MIL,0.0,56.0,780,0.072,73,35.2,20.2,4.6,4.9,1.4,0.2,0.489,0.32,0.859,11.7,0.219,1986
7,8,Alex English,32,DEN,0.0,55.0,780,0.071,81,37.3,29.8,5.0,4.0,0.9,0.4,0.504,0.2,0.862,9.8,0.156,1986
8,9,Isiah Thomas,24,DET,0.0,28.0,780,0.036,77,36.2,20.9,3.6,10.8,2.2,0.3,0.488,0.31,0.79,8.8,0.151,1986
9,10,Moses Malone,30,PHI,0.0,21.0,780,0.027,74,36.6,23.8,11.8,1.2,0.9,1.0,0.458,0.0,0.787,8.9,0.157,1986
10,11,Terry Cummings,24,MIL,0.0,9.0,780,0.012,82,32.5,19.8,8.5,2.4,1.5,0.6,0.474,0.0,0.656,7.4,0.133,1986
11,12,James Worthy,24,LAL,0.0,7.0,780,0.009,75,32.7,20.0,5.2,2.7,1.1,1.0,0.579,0.0,0.771,9.5,0.185,1986
12,13T,Kevin McHale,28,BOS,0.0,3.0,780,0.004,68,35.3,21.3,8.1,2.7,0.4,2.0,0.574,,0.776,11.0,0.22,1986
13,13T,Paul Pressey,27,MIL,0.0,3.0,780,0.004,80,33.8,14.3,5.0,7.8,2.1,0.9,0.488,0.182,0.806,9.8,0.174,1986
14,13T,Alvin Robertson,23,SAS,0.0,3.0,780,0.004,82,35.1,17.0,6.3,5.5,3.7,0.5,0.514,0.276,0.795,8.6,0.143,1986
15,16T,Adrian Dantley,30,UTA,0.0,2.0,780,0.003,76,36.1,29.8,5.2,3.5,0.8,0.1,0.563,0.091,0.791,12.8,0.223,1986
16,16T,Buck Williams,25,NJN,0.0,2.0,780,0.003,82,37.4,15.9,12.0,1.6,0.9,1.2,0.523,0.0,0.676,6.8,0.106,1986
17,18,Dennis Johnson,31,BOS,0.0,1.0,780,0.001,78,35.0,15.6,3.4,5.8,1.4,0.4,0.455,0.143,0.818,6.7,0.118,1986
0,1,Magic Johnson,27,LAL,65.0,733.0,780,0.94,80,36.3,23.9,6.3,12.2,1.7,0.5,0.522,0.205,0.848,15.9,0.263,1987
1,2,Michael Jordan,23,CHI,10.0,449.0,780,0.576,82,40.0,37.1,5.2,4.6,2.9,1.5,0.482,0.182,0.857,16.9,0.247,1987
2,3,Larry Bird,30,BOS,1.0,271.0,780,0.347,74,40.6,28.1,9.2,7.6,1.8,0.9,0.525,0.4,0.91,15.2,0.243,1987
3,4,Kevin McHale,29,BOS,0.0,254.0,780,0.326,77,39.7,26.1,9.9,2.6,0.5,2.2,0.604,0.0,0.836,14.8,0.232,1987
4,5,Dominique Wilkins,27,ATL,0.0,128.0,780,0.164,79,37.6,29.0,6.3,3.3,1.5,0.6,0.463,0.292,0.818,12.2,0.197,1987
5,6,Charles Barkley,23,PHI,1.0,113.0,780,0.145,68,40.3,23.0,14.6,4.9,1.8,1.5,0.594,0.202,0.761,12.0,0.21,1987
6,7,Hakeem Olajuwon,24,HOU,1.0,28.0,780,0.036,75,36.8,23.4,11.4,2.9,1.9,3.4,0.508,0.2,0.702,10.9,0.189,1987
7,8,Isiah Thomas,25,DET,0.0,17.0,780,0.022,81,37.2,20.6,3.9,10.0,1.9,0.2,0.463,0.194,0.768,7.6,0.121,1987
8,9,Fat Lever,26,DEN,0.0,11.0,780,0.014,82,37.2,18.9,8.9,8.0,2.5,0.4,0.469,0.239,0.782,9.7,0.153,1987
9,10,Moses Malone,31,WSB,0.0,9.0,780,0.012,73,34.1,24.1,11.3,1.6,0.8,1.3,0.454,0.0,0.824,9.4,0.182,1987
10,11,Steve Johnson,29,POR,0.0,4.0,780,0.005,79,29.7,16.8,7.2,2.0,0.6,1.0,0.556,,0.698,4.4,0.091,1987
11,12T,Karl Malone,23,UTA,0.0,3.0,780,0.004,82,34.8,21.7,10.4,1.9,1.3,0.7,0.512,0.0,0.598,6.9,0.116,1987
12,12T,Robert Parish,33,BOS,0.0,3.0,780,0.004,80,37.4,17.5,10.6,2.2,0.8,1.8,0.556,0.0,0.735,9.2,0.147,1987
13,14,Alex English,33,DEN,0.0,2.0,780,0.003,82,37.6,28.6,4.2,5.1,0.9,0.3,0.503,0.267,0.844,8.1,0.126,1987
14,15T,Mark Aguirre,27,DAL,0.0,1.0,780,0.001,80,33.3,25.7,5.3,3.2,1.1,0.4,0.495,0.353,0.77,8.9,0.16,1987
15,15T,Rolando Blackman,27,DAL,0.0,1.0,780,0.001,80,34.5,21.0,3.5,3.3,0.8,0.3,0.495,0.333,0.884,8.0,0.14,1987
16,15T,Joe Barry Carroll,28,GSW,0.0,1.0,780,0.001,81,33.6,21.2,7.3,2.6,1.1,1.5,0.472,,0.787,4.6,0.082,1987
0,1,Michael Jordan,24,CHI,47.0,665.0,800,0.831,82,40.4,35.0,5.5,5.9,3.2,1.6,0.535,0.132,0.841,21.2,0.308,1988
1,2,Larry Bird,31,BOS,16.0,527.0,800,0.659,76,39.0,29.9,9.3,6.1,1.6,0.8,0.527,0.414,0.916,15.0,0.243,1988
2,3,Magic Johnson,28,LAL,16.0,508.0,800,0.635,72,36.6,19.6,6.2,11.9,1.6,0.2,0.492,0.196,0.853,10.9,0.199,1988
3,4,Charles Barkley,24,PHI,1.0,109.0,800,0.136,80,39.6,28.3,11.9,3.2,1.3,1.3,0.587,0.28,0.751,16.7,0.253,1988
4,5,Clyde Drexler,25,POR,0.0,86.0,800,0.108,81,37.8,27.0,6.6,5.8,2.5,0.6,0.506,0.212,0.811,13.2,0.207,1988
5,6,Dominique Wilkins,28,ATL,0.0,55.0,800,0.069,78,37.8,30.7,6.4,2.9,1.3,0.6,0.464,0.295,0.826,9.8,0.16,1988
6,7,Hakeem Olajuwon,25,HOU,0.0,40.0,800,0.05,79,35.8,22.8,12.1,2.1,2.1,2.7,0.514,0.0,0.695,10.7,0.182,1988
7,8,Karl Malone,24,UTA,0.0,36.0,800,0.045,82,39.0,27.7,12.0,2.4,1.4,0.6,0.52,0.0,0.7,10.1,0.152,1988
8,9,Fat Lever,27,DEN,0.0,26.0,800,0.033,82,37.3,18.9,8.1,7.8,2.7,0.3,0.473,0.211,0.785,10.4,0.163,1988
9,10,John Stockton,25,UTA,0.0,15.0,800,0.019,82,34.7,14.7,2.9,13.8,3.0,0.2,0.574,0.358,0.84,14.1,0.238,1988
10,11,Alex English,34,DEN,0.0,4.0,800,0.005,80,35.2,25.0,4.7,4.7,0.9,0.3,0.495,0.0,0.828,7.6,0.129,1988
11,12,Isiah Thomas,26,DET,0.0,3.0,800,0.004,81,36.1,19.5,3.4,8.4,1.7,0.2,0.463,0.309,0.774,7.6,0.124,1988
12,13,Mark Jackson,22,NYK,0.0,2.0,800,0.003,82,39.6,13.6,4.8,10.6,2.5,0.1,0.432,0.254,0.774,7.6,0.113,1988
13,14T,Michael Adams,25,DEN,0.0,1.0,800,0.001,82,33.9,13.9,2.7,6.1,2.0,0.2,0.449,0.367,0.834,7.5,0.13,1988
14,14T,Mark Aguirre,28,DAL,0.0,1.0,800,0.001,77,33.9,25.1,5.6,3.6,0.9,0.7,0.475,0.302,0.77,8.8,0.163,1988
15,14T,Adrian Dantley,32,DET,0.0,1.0,800,0.001,69,31.1,20.0,3.3,2.5,0.6,0.1,0.514,0.0,0.86,9.4,0.21,1988
16,14T,Buck Williams,27,NJN,0.0,1.0,800,0.001,70,37.7,18.3,11.9,1.6,1.0,0.6,0.56,1.0,0.668,7.6,0.138,1988
0,1,Magic Johnson,29,LAL,42.5,664.5,850,0.782,77,37.5,22.5,7.9,12.8,1.8,0.3,0.509,0.314,0.911,16.1,0.267,1989
1,2,Michael Jordan,25,CHI,27.5,598.8,850,0.704,81,40.2,32.5,8.0,8.0,2.9,0.8,0.538,0.276,0.85,19.8,0.292,1989
2,3,Karl Malone,25,UTA,5.0,362.0,850,0.426,80,39.1,29.1,10.7,2.7,1.8,0.9,0.519,0.313,0.766,15.2,0.233,1989
3,4,Patrick Ewing,26,NYK,8.0,200.0,850,0.235,80,36.2,22.7,9.3,2.4,1.5,3.5,0.567,0.0,0.746,10.9,0.181,1989
4,5,Hakeem Olajuwon,26,HOU,2.0,179.3,850,0.211,82,36.9,24.8,13.5,1.8,2.6,3.4,0.508,0.0,0.696,12.4,0.197,1989
5,6,Charles Barkley,25,PHI,0.0,94.3,850,0.111,79,39.1,25.8,12.5,4.1,1.6,0.8,0.579,0.216,0.753,16.1,0.25,1989
6,7,John Stockton,26,UTA,0.0,28.0,850,0.033,82,38.7,17.1,3.0,13.6,3.2,0.2,0.538,0.242,0.863,15.6,0.236,1989
7,8,Kevin Johnson,22,PHO,0.0,22.0,850,0.026,81,39.2,20.4,4.2,12.2,1.7,0.3,0.505,0.091,0.882,12.2,0.184,1989
8,9,Tom Chambers,29,PHO,0.0,20.0,850,0.024,81,37.1,25.7,8.4,2.9,1.1,0.7,0.471,0.326,0.851,9.2,0.146,1989
9,10,Mark Price,24,CLE,0.0,18.0,850,0.021,75,36.4,18.9,3.0,8.4,1.5,0.1,0.526,0.441,0.901,11.3,0.199,1989
10,11T,Brad Daugherty,23,CLE,0.0,4.0,850,0.005,78,36.2,18.9,9.2,3.7,0.8,0.5,0.538,0.333,0.737,9.6,0.164,1989
11,11T,Robert Parish,35,BOS,0.0,4.0,850,0.005,80,35.5,18.6,12.5,2.2,1.0,1.5,0.57,,0.719,10.5,0.177,1989
12,13T,Mark Eaton,32,UTA,0.0,3.0,850,0.004,82,35.5,6.2,10.3,1.0,0.5,3.8,0.462,,0.66,6.6,0.108,1989
13,13T,Moses Malone,33,ATL,0.0,3.0,850,0.004,81,35.5,20.2,11.8,1.4,1.0,1.2,0.491,0.0,0.789,10.7,0.178,1989
14,13T,Chris Mullin,25,GSW,0.0,3.0,850,0.004,82,37.7,26.5,5.9,5.1,2.1,0.5,0.509,0.23,0.892,10.6,0.165,1989
15,13T,Larry Nance,29,CLE,0.0,3.0,850,0.004,73,34.6,17.2,8.0,2.2,0.8,2.8,0.539,0.0,0.799,10.3,0.197,1989
16,17T,Terry Cummings,27,MIL,0.0,1.0,850,0.001,80,35.3,22.9,8.1,2.5,1.3,0.9,0.467,0.467,0.787,7.7,0.131,1989
17,17T,Joe Dumars,25,DET,0.0,1.0,850,0.001,69,34.9,17.2,2.5,5.7,0.9,0.1,0.505,0.483,0.85,7.0,0.14,1989
18,17T,Isiah Thomas,27,DET,0.0,1.0,850,0.001,80,36.6,18.2,3.4,8.3,1.7,0.3,0.464,0.273,0.818,7.0,0.115,1989
0,1,Magic Johnson,30,LAL,27.0,636.0,920,0.691,79,37.2,22.3,6.6,11.5,1.7,0.4,0.48,0.384,0.89,16.5,0.27,1990
1,2,Charles Barkley,26,PHI,38.0,614.0,920,0.667,79,39.1,25.2,11.5,3.9,1.9,0.6,0.6,0.217,0.749,17.3,0.269,1990
2,3,Michael Jordan,26,CHI,21.0,564.0,920,0.613,82,39.0,33.6,6.9,6.3,2.8,0.7,0.526,0.376,0.848,19.0,0.285,1990
3,4,Karl Malone,26,UTA,2.0,214.0,920,0.233,82,38.1,31.0,11.1,2.8,1.5,0.6,0.562,0.372,0.762,15.9,0.245,1990
4,5,Patrick Ewing,27,NYK,1.0,162.0,920,0.176,82,38.6,28.6,10.9,2.2,1.0,4.0,0.551,0.25,0.775,13.5,0.205,1990
5,6,David Robinson,24,SAS,2.0,102.0,920,0.111,82,36.6,24.3,12.0,2.0,1.7,3.9,0.531,0.0,0.732,15.1,0.241,1990
6,7,Hakeem Olajuwon,27,HOU,1.0,64.0,920,0.07,82,38.1,24.3,14.0,2.9,2.1,4.6,0.501,0.167,0.713,11.2,0.173,1990
7,8,Tom Chambers,30,PHO,0.0,12.0,920,0.013,81,37.6,27.2,7.0,2.3,1.1,0.6,0.501,0.279,0.861,11.2,0.176,1990
8,9,John Stockton,27,UTA,0.0,9.0,920,0.01,78,37.4,17.2,2.6,14.5,2.7,0.2,0.514,0.416,0.819,14.4,0.238,1990
9,10T,Larry Bird,33,BOS,0.0,5.0,920,0.005,75,39.3,24.3,9.5,7.5,1.4,0.8,0.473,0.333,0.93,9.5,0.154,1990
10,10T,Buck Williams,29,POR,0.0,5.0,920,0.005,82,34.2,13.6,9.8,1.4,0.8,0.5,0.548,0.0,0.706,8.7,0.149,1990
11,12,Clyde Drexler,27,POR,0.0,3.0,920,0.003,73,36.8,23.3,6.9,5.9,2.0,0.7,0.494,0.283,0.774,11.6,0.208,1990
12,13T,Joe Dumars,26,DET,0.0,1.0,920,0.001,75,34.4,17.8,2.8,4.9,0.8,0.0,0.48,0.4,0.9,8.7,0.162,1990
13,13T,Isiah Thomas,28,DET,0.0,1.0,920,0.001,81,37.0,18.4,3.8,9.4,1.7,0.2,0.438,0.309,0.775,6.7,0.107,1990
0,1,Michael Jordan,27,CHI,77.0,891.0,960,0.928,82,37.0,31.5,6.0,5.5,2.7,1.0,0.539,0.312,0.851,20.3,0.321,1991
1,2,Magic Johnson,31,LAL,10.0,497.0,960,0.518,79,37.1,19.4,7.0,12.5,1.3,0.2,0.477,0.32,0.906,15.4,0.251,1991
2,3,David Robinson,25,SAS,6.0,476.0,960,0.496,82,37.7,25.6,13.0,2.5,1.5,3.9,0.552,0.143,0.762,17.0,0.264,1991
3,4,Charles Barkley,27,PHI,2.0,222.0,960,0.231,67,37.3,27.6,10.1,4.2,1.6,0.5,0.57,0.284,0.722,13.4,0.258,1991
4,5,Karl Malone,27,UTA,0.0,142.0,960,0.148,82,40.3,29.0,11.8,3.3,1.1,1.0,0.527,0.286,0.77,15.5,0.225,1991
5,6,Clyde Drexler,28,POR,1.0,75.0,960,0.078,82,34.8,21.5,6.7,6.0,1.8,0.7,0.482,0.319,0.794,12.4,0.209,1991
6,7,Kevin Johnson,24,PHO,0.0,32.0,960,0.033,77,36.0,22.2,3.5,10.1,2.1,0.1,0.516,0.205,0.843,12.7,0.22,1991
7,8,Dominique Wilkins,31,ATL,0.0,29.0,960,0.03,81,38.0,25.9,9.0,3.3,1.5,0.8,0.47,0.341,0.829,11.4,0.177,1991
8,9T,Larry Bird,34,BOS,0.0,25.0,960,0.026,60,38.0,19.4,8.5,7.2,1.8,1.0,0.454,0.389,0.891,6.6,0.14,1991
9,9T,Terry Porter,27,POR,0.0,25.0,960,0.026,81,32.9,17.0,3.5,8.0,2.0,0.1,0.515,0.415,0.823,13.0,0.235,1991
10,11,Patrick Ewing,28,NYK,0.0,20.0,960,0.021,81,38.3,26.6,11.2,3.0,1.0,3.2,0.514,0.0,0.745,10.0,0.155,1991
11,12,John Stockton,28,UTA,0.0,15.0,960,0.016,82,37.8,17.2,2.9,14.2,2.9,0.2,0.507,0.345,0.836,14.0,0.217,1991
12,13,Isiah Thomas,29,DET,0.0,11.0,960,0.011,48,34.5,16.2,3.3,9.3,1.6,0.2,0.435,0.292,0.782,3.4,0.098,1991
13,14,Robert Parish,37,BOS,0.0,10.0,960,0.01,81,30.1,14.9,10.6,0.8,0.8,1.3,0.598,0.0,0.767,10.0,0.198,1991
14,15,Joe Dumars,27,DET,0.0,8.0,960,0.008,80,38.1,20.4,2.3,5.5,1.1,0.1,0.481,0.311,0.89,9.9,0.155,1991
15,16,Bernard King,34,WSB,0.0,7.0,960,0.007,64,37.5,28.4,5.0,4.6,0.9,0.3,0.472,0.216,0.79,3.5,0.07,1991
16,17,Kenny Smith,25,HOU,0.0,5.0,960,0.005,78,34.6,17.7,2.1,7.1,1.4,0.1,0.52,0.363,0.844,9.0,0.161,1991
17,18,Hakeem Olajuwon,28,HOU,0.0,4.0,960,0.004,56,36.8,21.2,13.8,2.3,2.2,3.9,0.508,0.0,0.769,8.6,0.201,1991
18,19T,Tim Hardaway,24,GSW,0.0,1.0,960,0.001,82,39.2,22.9,4.0,9.7,2.6,0.1,0.476,0.385,0.803,9.9,0.148,1991
19,19T,Kevin McHale,33,BOS,0.0,1.0,960,0.001,68,30.4,18.4,7.1,1.9,0.4,2.1,0.553,0.405,0.829,7.9,0.182,1991
0,1,Michael Jordan,28,CHI,80.0,900.0,960,0.938,80,38.8,30.1,6.4,6.1,2.3,0.9,0.519,0.27,0.832,17.7,0.274,1992
1,2,Clyde Drexler,29,POR,12.0,561.0,960,0.584,76,36.2,25.0,6.6,6.7,1.8,0.9,0.47,0.337,0.794,12.8,0.223,1992
2,3,David Robinson,26,SAS,2.0,337.0,960,0.351,68,37.7,23.2,12.2,2.7,2.3,4.5,0.551,0.125,0.701,13.9,0.26,1992
3,4,Karl Malone,28,UTA,1.0,262.0,960,0.273,81,37.7,28.0,11.2,3.0,1.3,0.6,0.526,0.176,0.778,15.1,0.237,1992
4,5,Patrick Ewing,29,NYK,0.0,100.0,960,0.104,82,38.4,24.0,11.2,1.9,1.1,3.0,0.522,0.167,0.738,13.0,0.198,1992
5,6,Chris Mullin,28,GSW,0.0,81.0,960,0.084,81,41.3,25.6,5.6,3.5,2.1,0.8,0.524,0.366,0.833,10.8,0.155,1992
6,7,Mark Price,27,CLE,0.0,66.0,960,0.069,72,29.7,17.3,2.4,7.4,1.3,0.2,0.488,0.387,0.947,9.1,0.205,1992
7,8,Tim Hardaway,25,GSW,0.0,64.0,960,0.067,81,41.1,23.4,3.8,10.0,2.0,0.2,0.461,0.338,0.766,9.2,0.132,1992
8,9,Scottie Pippen,26,CHI,1.0,32.0,960,0.033,82,38.6,21.0,7.7,7.0,1.9,1.1,0.506,0.2,0.76,12.7,0.192,1992
9,10,Dennis Rodman,30,DET,0.0,26.0,960,0.027,82,40.3,9.8,18.7,2.3,0.8,0.9,0.539,0.317,0.6,12.6,0.183,1992
10,11,Brad Daugherty,26,CLE,0.0,24.0,960,0.025,73,36.2,21.5,10.4,3.6,0.9,1.1,0.57,0.0,0.777,11.7,0.213,1992
11,12T,Charles Barkley,28,PHI,0.0,18.0,960,0.019,75,38.4,23.1,11.1,4.1,1.8,0.6,0.552,0.234,0.695,12.3,0.205,1992
12,12T,John Stockton,29,UTA,0.0,18.0,960,0.019,82,36.6,15.8,3.3,13.7,3.0,0.3,0.482,0.407,0.842,13.4,0.215,1992
13,14,Larry Bird,35,BOS,0.0,3.0,960,0.003,45,36.9,20.2,9.6,6.8,0.9,0.7,0.466,0.406,0.926,5.5,0.159,1992
14,15,Kevin Johnson,25,PHO,0.0,2.0,960,0.002,78,37.2,19.7,3.7,10.7,1.5,0.3,0.479,0.217,0.807,10.0,0.165,1992
15,16T,Danny Manning,25,LAC,0.0,1.0,960,0.001,82,35.4,19.3,6.9,3.5,1.6,1.5,0.542,0.0,0.725,9.8,0.162,1992
16,16T,Detlef Schrempf,29,IND,0.0,1.0,960,0.001,80,32.6,17.3,9.6,3.9,0.8,0.5,0.536,0.324,0.828,9.8,0.181,1992
0,1,Charles Barkley,29,PHO,59.0,835.0,980,0.852,76,37.6,25.6,12.2,5.1,1.6,1.0,0.52,0.305,0.765,14.4,0.242,1993
1,2,Hakeem Olajuwon,30,HOU,22.0,647.0,980,0.66,82,39.5,26.1,13.0,3.5,1.8,4.2,0.529,0.0,0.779,15.8,0.234,1993
2,3,Michael Jordan,29,CHI,13.0,565.0,980,0.577,78,39.3,32.6,6.7,5.5,2.8,0.8,0.495,0.352,0.837,17.2,0.27,1993
3,4,Patrick Ewing,30,NYK,4.0,359.0,980,0.366,81,37.1,24.2,12.1,1.9,0.9,2.0,0.503,0.143,0.719,10.6,0.17,1993
4,5,Dominique Wilkins,33,ATL,0.0,54.0,980,0.055,71,37.3,29.9,6.8,3.2,1.0,0.4,0.468,0.38,0.828,10.5,0.191,1993
5,6,David Robinson,27,SAS,0.0,33.0,980,0.034,82,39.2,23.4,11.7,3.7,1.5,3.2,0.501,0.176,0.732,13.2,0.197,1993
6,7,Shaquille O'Neal,20,ORL,0.0,30.0,980,0.031,81,37.9,23.4,13.9,1.9,0.7,3.5,0.562,0.0,0.592,10.4,0.163,1993
7,8T,Karl Malone,29,UTA,0.0,10.0,980,0.01,82,37.8,27.0,11.2,3.8,1.5,1.0,0.552,0.2,0.74,15.4,0.238,1993
8,8T,Mark Price,28,CLE,0.0,10.0,980,0.01,75,31.7,18.2,2.7,8.0,1.2,0.1,0.484,0.416,0.948,9.8,0.197,1993
9,10T,Brad Daugherty,27,CLE,0.0,1.0,980,0.001,71,37.9,20.2,10.2,4.4,0.7,0.8,0.571,0.5,0.795,12.7,0.226,1993
10,10T,Clyde Drexler,30,POR,0.0,1.0,980,0.001,49,34.1,19.9,6.3,5.7,1.9,0.8,0.429,0.233,0.839,6.0,0.171,1993
11,10T,Joe Dumars,29,DET,0.0,1.0,980,0.001,77,40.2,23.5,1.9,4.0,1.0,0.1,0.466,0.375,0.864,9.1,0.141,1993
12,10T,Shawn Kemp,23,SEA,0.0,1.0,980,0.001,78,33.1,17.8,10.7,2.0,1.5,1.9,0.492,0.0,0.712,9.1,0.169,1993
13,10T,John Stockton,30,UTA,0.0,1.0,980,0.001,82,34.9,15.1,2.9,12.0,2.4,0.3,0.486,0.385,0.798,10.6,0.177,1993
0,1,Hakeem Olajuwon,31,HOU,66.0,889.0,1010,0.88,80,41.0,27.3,11.9,3.6,1.6,3.7,0.528,0.421,0.716,14.3,0.21,1994
1,2,David Robinson,28,SAS,24.0,730.0,1010,0.723,80,40.5,29.8,10.7,4.8,1.7,3.3,0.507,0.345,0.749,20.0,0.296,1994
2,3,Scottie Pippen,28,CHI,7.0,390.0,1010,0.386,72,38.3,22.0,8.7,5.6,2.9,0.8,0.491,0.32,0.66,11.2,0.194,1994
3,4,Shaquille O'Neal,21,ORL,3.0,289.0,1010,0.286,81,39.8,29.3,13.2,2.4,0.9,2.9,0.599,0.0,0.554,16.9,0.252,1994
4,5,Patrick Ewing,31,NYK,1.0,255.0,1010,0.252,79,37.6,24.5,11.2,2.3,1.1,2.7,0.496,0.286,0.765,13.1,0.211,1994
5,6,Gary Payton,25,SEA,0.0,20.0,1010,0.02,82,35.1,16.5,3.3,6.0,2.3,0.2,0.504,0.278,0.595,9.3,0.155,1994
6,7T,Shawn Kemp,24,SEA,0.0,17.0,1010,0.017,79,32.9,18.1,10.8,2.6,1.8,2.1,0.538,0.25,0.741,11.7,0.216,1994
7,7T,Karl Malone,30,UTA,0.0,17.0,1010,0.017,82,40.6,25.2,11.5,4.0,1.5,1.5,0.497,0.25,0.694,13.4,0.193,1994
8,9,Mark Price,29,CLE,0.0,7.0,1010,0.007,76,31.4,17.3,3.0,7.8,1.4,0.1,0.478,0.397,0.888,10.0,0.201,1994
9,10,Charles Barkley,30,PHO,0.0,5.0,1010,0.005,65,35.4,21.6,11.2,4.6,1.6,0.6,0.495,0.27,0.704,8.8,0.185,1994
10,11T,Mookie Blaylock,26,ATL,0.0,1.0,1010,0.001,81,36.0,13.8,5.2,9.7,2.6,0.5,0.411,0.334,0.73,10.2,0.168,1994
11,11T,Kevin Johnson,27,PHO,0.0,1.0,1010,0.001,67,36.6,20.0,2.5,9.5,1.9,0.1,0.487,0.222,0.819,8.7,0.17,1994
12,11T,Dennis Rodman,32,SAS,0.0,1.0,1010,0.001,79,37.8,4.7,17.3,2.3,0.7,0.4,0.534,0.208,0.52,8.7,0.14,1994
13,11T,Latrell Sprewell,23,GSW,0.0,1.0,1010,0.001,82,43.1,21.0,4.9,4.7,2.2,0.9,0.433,0.361,0.774,8.0,0.108,1994
14,11T,John Stockton,31,UTA,0.0,1.0,1010,0.001,82,36.2,15.1,3.1,12.6,2.4,0.3,0.528,0.322,0.805,13.2,0.214,1994
15,11T,Dominique Wilkins,34,TOT,0.0,1.0,1010,0.001,74,35.6,26.0,6.5,2.3,1.2,0.4,0.44,0.288,0.847,8.4,0.153,1994
16,11T,Kevin Willis,31,ATL,0.0,1.0,1010,0.001,80,35.8,19.1,12.0,1.9,1.0,0.5,0.499,0.375,0.713,10.2,0.17,1994
0,1,David Robinson,29,SAS,73.0,901.0,1050,0.858,81,38.0,27.6,10.8,2.9,1.7,3.2,0.53,0.3,0.774,17.5,0.273,1995
1,2,Shaquille O'Neal,22,ORL,12.0,605.0,1050,0.576,79,37.0,29.3,11.4,2.7,0.9,2.4,0.583,0.0,0.533,14.0,0.23,1995
2,3,Karl Malone,31,UTA,14.0,532.0,1050,0.507,82,38.1,26.7,10.6,3.5,1.6,1.0,0.536,0.268,0.742,13.8,0.212,1995
3,4,Patrick Ewing,32,NYK,2.0,230.0,1050,0.219,79,37.0,23.9,11.0,2.7,0.9,2.0,0.503,0.286,0.75,9.6,0.157,1995
4,5,Hakeem Olajuwon,32,HOU,1.0,147.0,1050,0.14,72,39.6,27.8,10.8,3.5,1.8,3.4,0.517,0.188,0.756,10.7,0.181,1995
5,6,Charles Barkley,31,PHO,1.0,96.0,1050,0.091,68,35.0,23.0,11.1,4.1,1.6,0.7,0.486,0.338,0.748,10.6,0.214,1995
6,7,Scottie Pippen,29,CHI,1.0,83.0,1050,0.079,79,38.2,21.4,8.1,5.2,2.9,1.1,0.48,0.345,0.716,11.8,0.188,1995
7,8,John Stockton,32,UTA,1.0,47.0,1050,0.045,82,35.0,14.7,3.1,12.3,2.4,0.3,0.542,0.449,0.804,13.9,0.233,1995
8,9,Gary Payton,26,SEA,0.0,34.0,1050,0.032,82,36.8,20.6,3.4,7.1,2.5,0.2,0.509,0.302,0.716,11.7,0.187,1995
9,10,Anfernee Hardaway,23,ORL,0.0,23.0,1050,0.022,77,37.7,20.9,4.4,7.2,1.7,0.3,0.512,0.349,0.769,10.7,0.177,1995
10,11,Michael Jordan,31,CHI,0.0,12.0,1050,0.011,17,39.3,26.9,6.9,5.3,1.8,0.8,0.411,0.5,0.801,2.3,0.167,1995
11,12,Dennis Rodman,33,SAS,0.0,9.0,1050,0.009,49,32.0,7.1,16.8,2.0,0.6,0.5,0.571,0.0,0.676,5.8,0.178,1995
12,13,Jason Kidd,21,DAL,0.0,7.0,1050,0.007,79,33.8,11.7,5.4,7.7,1.9,0.3,0.385,0.272,0.698,3.7,0.066,1995
13,14,Clyde Drexler,32,TOT,0.0,3.0,1050,0.003,76,35.9,21.8,6.3,4.8,1.8,0.6,0.461,0.36,0.824,11.7,0.206,1995
14,15,Cedric Ceballos,25,LAL,0.0,1.0,1050,0.001,58,35.0,21.7,8.0,1.8,1.0,0.3,0.509,0.397,0.716,5.2,0.123,1995
0,1,Michael Jordan,32,CHI,109.0,1114.0,1130,0.986,82,37.7,30.4,6.6,4.3,2.2,0.5,0.495,0.427,0.834,20.4,0.317,1996
1,2,David Robinson,30,SAS,0.0,574.0,1130,0.508,82,36.8,25.0,12.2,3.0,1.4,3.3,0.516,0.333,0.761,18.3,0.29,1996
2,3,Anfernee Hardaway,24,ORL,2.0,360.0,1130,0.319,82,36.8,21.7,4.3,7.1,2.0,0.5,0.513,0.314,0.767,14.4,0.229,1996
3,4,Hakeem Olajuwon,33,HOU,1.0,238.0,1130,0.211,72,38.8,26.9,10.9,3.6,1.6,2.9,0.514,0.214,0.724,9.7,0.166,1996
4,5,Scottie Pippen,30,CHI,0.0,226.0,1130,0.2,77,36.7,19.4,6.4,5.9,1.7,0.7,0.463,0.374,0.679,12.3,0.209,1996
5,6,Gary Payton,27,SEA,0.0,98.0,1130,0.087,81,39.0,19.3,4.2,7.5,2.9,0.2,0.484,0.328,0.748,11.5,0.174,1996
6,7,Karl Malone,32,UTA,1.0,85.0,1130,0.075,82,38.0,25.7,9.8,4.2,1.7,0.7,0.519,0.4,0.723,15.1,0.233,1996
7,8,Shawn Kemp,26,SEA,0.0,73.0,1130,0.065,79,33.3,19.6,11.4,2.2,1.2,1.6,0.561,0.417,0.742,11.2,0.205,1996
8,9T,Grant Hill,23,DET,0.0,63.0,1130,0.056,80,40.8,20.2,9.8,6.9,1.3,0.6,0.462,0.192,0.751,11.7,0.172,1996
9,9T,Shaquille O'Neal,23,ORL,0.0,63.0,1130,0.056,54,36.0,26.6,11.0,2.9,0.6,2.1,0.573,0.5,0.487,6.9,0.171,1996
10,11,John Stockton,33,UTA,0.0,12.0,1130,0.011,82,35.5,14.7,2.8,11.2,1.7,0.2,0.538,0.422,0.83,13.0,0.214,1996
11,12T,Charles Barkley,32,PHO,0.0,8.0,1130,0.007,71,37.1,23.2,11.6,3.7,1.6,0.8,0.5,0.28,0.777,10.5,0.191,1996
12,12T,Magic Johnson,36,LAL,0.0,8.0,1130,0.007,32,29.9,14.6,5.7,6.9,0.8,0.4,0.466,0.379,0.856,3.6,0.181,1996
13,14,Alonzo Mourning,25,MIA,0.0,6.0,1130,0.005,70,38.2,23.2,10.4,2.3,1.0,2.7,0.523,0.3,0.685,9.9,0.178,1996
14,15,Dennis Rodman,34,CHI,0.0,4.0,1130,0.004,64,32.6,5.5,14.9,2.5,0.6,0.4,0.48,0.111,0.528,6.2,0.143,1996
15,16T,Terrell Brandon,25,CLE,0.0,3.0,1130,0.003,75,34.3,19.3,3.3,6.5,1.8,0.4,0.465,0.387,0.887,12.7,0.237,1996
16,16T,Mitch Richmond,30,SAC,0.0,3.0,1130,0.003,81,36.4,23.1,3.3,3.1,1.5,0.2,0.447,0.437,0.866,9.3,0.151,1996
0,1,Karl Malone,33,UTA,63.0,986.0,1150,0.857,82,36.6,27.4,9.9,4.5,1.4,0.6,0.55,0.0,0.755,16.7,0.268,1997
1,2,Michael Jordan,33,CHI,52.0,957.0,1150,0.832,82,37.9,29.6,5.9,4.3,1.7,0.5,0.486,0.374,0.833,18.3,0.283,1997
2,3,Grant Hill,24,DET,0.0,376.0,1150,0.327,80,39.3,21.4,9.0,7.3,1.8,0.6,0.496,0.303,0.711,14.6,0.223,1997
3,4,Tim Hardaway,30,MIA,0.0,238.0,1150,0.207,81,38.7,20.3,3.4,8.6,1.9,0.1,0.415,0.344,0.799,12.9,0.198,1997
4,5,Glen Rice,29,CHH,0.0,134.0,1150,0.117,79,42.6,26.8,4.0,2.0,0.9,0.3,0.477,0.47,0.867,10.8,0.154,1997
5,6,Gary Payton,28,SEA,0.0,105.0,1150,0.091,82,39.2,21.8,4.6,7.1,2.4,0.2,0.476,0.313,0.715,12.9,0.193,1997
6,7,Hakeem Olajuwon,34,HOU,0.0,95.0,1150,0.083,78,36.6,23.2,9.2,3.0,1.5,2.2,0.51,0.313,0.787,9.1,0.154,1997
7,8,Patrick Ewing,34,NYK,0.0,57.0,1150,0.05,78,37.0,22.4,10.7,2.0,0.9,2.4,0.488,0.222,0.754,9.8,0.163,1997
8,9T,Anthony Mason,30,CHH,0.0,7.0,1150,0.006,73,43.1,16.2,11.4,5.7,1.0,0.5,0.525,0.333,0.745,11.4,0.173,1997
9,9T,Shaquille O'Neal,24,LAL,0.0,7.0,1150,0.006,51,38.1,26.2,12.5,3.1,0.9,2.9,0.557,0.0,0.484,8.0,0.197,1997
10,11,Scottie Pippen,31,CHI,0.0,6.0,1150,0.005,82,37.7,20.2,6.5,5.7,1.9,0.5,0.474,0.368,0.701,13.1,0.203,1997
11,12,Alonzo Mourning,26,MIA,0.0,5.0,1150,0.004,66,35.2,19.8,9.9,1.6,0.8,2.9,0.534,0.111,0.642,8.4,0.174,1997
12,13T,Dikembe Mutombo,30,ATL,0.0,4.0,1150,0.003,80,37.2,13.3,11.6,1.4,0.6,3.3,0.527,,0.705,11.3,0.183,1997
13,13T,Mitch Richmond,31,SAC,0.0,4.0,1150,0.003,81,38.6,25.9,3.9,4.2,1.5,0.3,0.454,0.428,0.861,10.8,0.166,1997
14,15,John Stockton,34,UTA,0.0,3.0,1150,0.003,82,35.3,14.4,2.8,10.5,2.0,0.2,0.548,0.422,0.846,13.6,0.226,1997
15,16,Charles Barkley,33,HOU,0.0,2.0,1150,0.002,53,37.9,19.2,13.5,4.7,1.3,0.5,0.484,0.283,0.694,9.4,0.224,1997
16,17T,Tom Gugliotta,27,MIN,0.0,1.0,1150,0.001,81,38.7,20.6,8.7,4.1,1.6,1.1,0.442,0.258,0.82,6.7,0.103,1997
17,17T,Allen Iverson,21,PHI,0.0,1.0,1150,0.001,76,40.1,23.5,4.1,7.5,2.1,0.3,0.416,0.341,0.702,4.1,0.065,1997
18,17T,Kevin Johnson,30,PHO,0.0,1.0,1150,0.001,70,38.0,20.1,3.6,9.3,1.5,0.2,0.496,0.441,0.852,11.7,0.211,1997
19,17T,Steve Smith,27,ATL,0.0,1.0,1150,0.001,72,39.1,20.1,3.3,4.2,0.9,0.3,0.429,0.335,0.847,9.1,0.154,1997
0,1,Michael Jordan,34,CHI,92.0,1084.0,1160,0.934,82,38.8,28.7,5.8,3.5,1.7,0.5,0.465,0.238,0.784,15.8,0.238,1998
1,2,Karl Malone,34,UTA,20.0,842.0,1160,0.726,81,37.4,27.0,10.3,3.9,1.2,0.9,0.53,0.333,0.761,16.4,0.259,1998
2,3,Gary Payton,29,SEA,3.0,431.0,1160,0.372,82,38.4,19.2,4.6,8.3,2.3,0.2,0.453,0.338,0.744,12.5,0.19,1998
3,4,Shaquille O'Neal,25,LAL,1.0,311.0,1160,0.268,60,36.3,28.3,11.4,2.4,0.7,2.4,0.584,,0.527,10.2,0.224,1998
4,5,Tim Duncan,21,SAS,0.0,148.0,1160,0.128,82,39.1,21.1,11.9,2.7,0.7,2.5,0.549,0.0,0.662,12.8,0.192,1998
5,6,Tim Hardaway,31,MIA,0.0,71.0,1160,0.061,81,37.4,18.9,3.7,8.3,1.7,0.2,0.431,0.351,0.781,11.7,0.185,1998
6,7,David Robinson,32,SAS,0.0,36.0,1160,0.031,73,33.7,21.6,10.6,2.7,0.9,2.6,0.511,0.25,0.735,13.8,0.269,1998
7,8,Vin Baker,26,SEA,0.0,24.0,1160,0.021,82,35.9,19.2,8.0,1.9,1.1,1.0,0.542,0.143,0.591,10.4,0.169,1998
8,9,Grant Hill,25,DET,0.0,23.0,1160,0.02,81,40.7,21.1,7.7,6.8,1.8,0.7,0.452,0.143,0.74,10.2,0.149,1998
9,10,Scottie Pippen,32,CHI,0.0,14.0,1160,0.012,44,37.5,19.1,5.2,5.8,1.8,1.0,0.447,0.318,0.777,6.6,0.193,1998
10,11,Glen Rice,30,CHH,0.0,7.0,1160,0.006,82,40.2,22.3,4.3,2.2,0.9,0.3,0.457,0.433,0.849,9.3,0.136,1998
11,12,Antoine Walker,21,BOS,0.0,6.0,1160,0.005,82,39.9,22.4,10.2,3.3,1.7,0.7,0.423,0.312,0.645,4.7,0.07,1998
12,13T,Jason Kidd,24,PHO,0.0,5.0,1160,0.004,82,38.0,11.6,6.2,9.1,2.0,0.3,0.416,0.313,0.799,8.0,0.123,1998
13,13T,John Stockton,35,UTA,0.0,5.0,1160,0.004,64,29.0,12.0,2.6,8.5,1.4,0.2,0.528,0.429,0.827,8.0,0.206,1998
14,15,Mitch Richmond,32,SAC,0.0,3.0,1160,0.003,70,36.7,23.2,3.3,4.0,1.3,0.2,0.445,0.389,0.864,7.9,0.148,1998
15,16T,Reggie Miller,32,IND,0.0,2.0,1160,0.002,81,34.5,19.5,2.9,2.1,1.0,0.1,0.477,0.429,0.868,12.0,0.206,1998
16,16T,Rik Smits,31,IND,0.0,2.0,1160,0.002,73,28.6,16.7,6.9,1.4,0.5,1.2,0.495,0.0,0.783,6.1,0.141,1998
17,18T,Michael Finley,24,DAL,0.0,1.0,1160,0.001,82,41.4,21.5,5.3,4.9,1.6,0.4,0.449,0.357,0.784,7.5,0.106,1998
18,18T,Rod Strickland,31,WAS,0.0,1.0,1160,0.001,76,39.7,17.8,5.3,10.5,1.7,0.3,0.434,0.25,0.726,8.1,0.129,1998
0,1,Karl Malone,35,UTA,44.0,827.0,1180,0.701,49,37.4,23.8,9.4,4.1,1.3,0.6,0.493,0.0,0.788,9.6,0.252,1999
1,2,Alonzo Mourning,28,MIA,36.0,773.0,1180,0.655,46,38.1,20.1,11.0,1.6,0.7,3.9,0.511,0.0,0.652,7.9,0.216,1999
2,3,Tim Duncan,22,SAS,30.0,740.0,1180,0.627,50,39.3,21.7,11.4,2.4,0.9,2.5,0.495,0.143,0.69,8.7,0.213,1999
3,4,Allen Iverson,23,PHI,5.0,319.0,1180,0.27,48,41.5,26.8,4.9,4.6,2.3,0.1,0.412,0.291,0.751,7.2,0.173,1999
4,5,Jason Kidd,25,PHO,2.0,159.0,1180,0.135,50,41.2,16.9,6.8,10.8,2.3,0.4,0.444,0.366,0.757,8.1,0.188,1999
5,6,Shaquille O'Neal,26,LAL,1.0,89.0,1180,0.075,49,34.8,26.3,10.7,2.3,0.7,1.7,0.576,0.0,0.54,9.0,0.255,1999
6,7,Chris Webber,25,SAC,0.0,51.0,1180,0.043,42,40.9,20.0,13.0,4.1,1.4,2.1,0.486,0.118,0.454,3.6,0.102,1999
7,8,Grant Hill,26,DET,0.0,39.0,1180,0.033,50,37.0,21.1,7.1,6.0,1.6,0.5,0.479,0.0,0.752,7.3,0.189,1999
8,9,Gary Payton,30,SEA,0.0,35.0,1180,0.03,50,40.2,21.7,4.9,8.7,2.2,0.2,0.434,0.295,0.721,7.2,0.172,1999
9,10,Kevin Garnett,22,MIN,0.0,9.0,1180,0.008,47,37.9,20.8,10.4,4.3,1.7,1.8,0.46,0.286,0.704,5.4,0.146,1999
10,11,Shawn Kemp,29,CLE,0.0,7.0,1180,0.006,42,35.1,20.5,9.2,2.4,1.1,1.1,0.482,0.5,0.789,6.3,0.205,1999
11,12,David Robinson,33,SAS,0.0,6.0,1180,0.005,49,31.7,15.8,10.0,2.1,1.4,2.4,0.509,0.0,0.658,8.4,0.261,1999
12,13T,Hakeem Olajuwon,36,HOU,0.0,3.0,1180,0.003,50,35.7,18.9,9.6,1.8,1.6,2.5,0.514,0.308,0.717,6.5,0.175,1999
13,13T,Arvydas Sabonis,34,POR,0.0,3.0,1180,0.003,50,27.0,12.1,7.9,2.4,0.7,1.3,0.485,0.292,0.771,5.8,0.207,1999
14,15,Darrell Armstrong,30,ORL,0.0,2.0,1180,0.002,50,30.0,13.8,3.6,6.7,2.2,0.1,0.441,0.365,0.904,6.4,0.205,1999
15,16T,Vince Carter,22,TOR,0.0,1.0,1180,0.001,50,35.2,18.3,5.7,3.0,1.1,1.5,0.45,0.288,0.761,5.0,0.136,1999
16,16T,Anfernee Hardaway,27,ORL,0.0,1.0,1180,0.001,50,38.9,15.8,5.7,5.3,2.2,0.5,0.42,0.286,0.706,5.0,0.122,1999
17,16T,Mark Jackson,33,IND,0.0,1.0,1180,0.001,49,28.2,7.6,3.8,7.9,0.9,0.1,0.419,0.311,0.823,3.8,0.134,1999
18,16T,Glenn Robinson,26,MIL,0.0,1.0,1180,0.001,47,33.6,18.4,5.9,2.1,1.0,0.9,0.459,0.392,0.87,4.0,0.122,1999
19,16T,Steve Smith,29,ATL,0.0,1.0,1180,0.001,36,36.5,18.7,4.2,3.3,1.0,0.3,0.402,0.338,0.849,4.4,0.162,1999
20,16T,Rasheed Wallace,24,POR,0.0,1.0,1180,0.001,49,28.9,12.8,4.9,1.2,1.0,1.1,0.508,0.419,0.732,5.0,0.169,1999
